{"cameraMode":{"drawMode":0,"name":"Shaded","section":"Shading Mode"},"sceneLighting":true,"audioPlay":false,"sceneViewState":{"showFog":false,"showMaterialUpdate":false,"showSkybox":false,"showFlares":false,"showImageEffects":false,"showParticleSystems":false},"in2DMode":false,"pivot":{"x":40.293792724609378,"y":85.72967529296875,"z":-108.37899780273438},"rotation":{"x":-0.01380095537751913,"y":0.03508792445063591,"z":-0.0004844186769332737,"w":-0.9992888569831848},"size":49.024757385253909,"orthographic":false}