{"cameraMode":{"drawMode":0,"name":"Shaded","section":"Shading Mode"},"sceneLighting":true,"audioPlay":false,"sceneViewState":{"showFog":false,"showMaterialUpdate":false,"showSkybox":false,"showFlares":false,"showImageEffects":false,"showParticleSystems":false},"in2DMode":false,"pivot":{"x":41.87519073486328,"y":-26.291540145874025,"z":-43.8400764465332},"rotation":{"x":-0.26121780276298525,"y":0.19496886432170869,"z":-0.05395917966961861,"w":-0.9438436627388},"size":237.0494842529297,"orthographic":false}