{"cameraMode":{"drawMode":0,"name":"Shaded","section":"Shading Mode"},"sceneLighting":true,"audioPlay":false,"sceneViewState":{"showFog":false,"showMaterialUpdate":false,"showSkybox":false,"showFlares":false,"showImageEffects":false,"showParticleSystems":false},"in2DMode":false,"pivot":{"x":25.660018920898439,"y":48.75347900390625,"z":-28.0},"rotation":{"x":-0.08390029519796372,"y":-0.00776856392621994,"z":0.000654451665468514,"w":-0.9964437484741211},"size":87.28414916992188,"orthographic":false}