{"cameraMode":{"drawMode":0,"name":"Shaded","section":"Shading Mode"},"sceneLighting":true,"audioPlay":false,"sceneViewState":{"showFog":false,"showMaterialUpdate":false,"showSkybox":false,"showFlares":false,"showImageEffects":false,"showParticleSystems":false},"in2DMode":false,"pivot":{"x":7.207317352294922,"y":31.14331817626953,"z":-5.350494384765625},"rotation":{"x":-0.14943839609622956,"y":0.004156672861427069,"z":-0.0006278821383602917,"w":-0.9887621402740479},"size":547.013671875,"orthographic":false}