{"cameraMode":{"drawMode":0,"name":"Shaded","section":"Shading Mode"},"sceneLighting":true,"audioPlay":false,"sceneViewState":{"showFog":false,"showMaterialUpdate":false,"showSkybox":false,"showFlares":false,"showImageEffects":false,"showParticleSystems":false},"in2DMode":false,"pivot":{"x":41.55055618286133,"y":-27.386474609375,"z":-97.35533905029297},"rotation":{"x":-0.7075294852256775,"y":-0.0023290831595659258,"z":0.002332378877326846,"w":-0.7066762447357178},"size":615.6567993164063,"orthographic":false}