{"cameraMode":{"drawMode":0,"name":"Shaded","section":"Shading Mode"},"sceneLighting":true,"audioPlay":false,"sceneViewState":{"showFog":false,"showMaterialUpdate":false,"showSkybox":false,"showFlares":false,"showImageEffects":false,"showParticleSystems":false},"in2DMode":false,"pivot":{"x":375.71649169921877,"y":-71.58700561523438,"z":160.47238159179688},"rotation":{"x":-0.27097856998443606,"y":-0.024828923866152765,"z":0.006992214825004339,"w":-0.9622397422790527},"size":358.19873046875,"orthographic":false}