{"cameraMode":{"drawMode":0,"name":"Shaded","section":"Shading Mode"},"sceneLighting":true,"audioPlay":false,"sceneViewState":{"showFog":false,"showMaterialUpdate":false,"showSkybox":false,"showFlares":false,"showImageEffects":false,"showParticleSystems":false},"in2DMode":false,"pivot":{"x":276.92041015625,"y":95.47317504882813,"z":-84.88360595703125},"rotation":{"x":-0.14943839609622956,"y":0.004156672861427069,"z":-0.0006278821383602917,"w":-0.9887621402740479},"size":530.2738037109375,"orthographic":false}