{"cameraMode":{"drawMode":0,"name":"Shaded","section":"Shading Mode"},"sceneLighting":true,"audioPlay":false,"sceneViewState":{"showFog":false,"showMaterialUpdate":false,"showSkybox":false,"showFlares":false,"showImageEffects":false,"showParticleSystems":false},"in2DMode":false,"pivot":{"x":318.8435974121094,"y":229.0068359375,"z":161.4356689453125},"rotation":{"x":-0.14943839609622956,"y":0.004156672861427069,"z":-0.0006278821383602917,"w":-0.9887621402740479},"size":1238.1109619140625,"orthographic":false}