{"cameraMode":{"drawMode":0,"name":"Shaded","section":"Shading Mode"},"sceneLighting":true,"audioPlay":false,"sceneViewState":{"showFog":false,"showMaterialUpdate":false,"showSkybox":false,"showFlares":false,"showImageEffects":false,"showParticleSystems":false},"in2DMode":false,"pivot":{"x":16.131412506103517,"y":21.041641235351564,"z":81.59658813476563},"rotation":{"x":-0.14943839609622956,"y":0.004156672861427069,"z":-0.0006278821383602917,"w":-0.9887621402740479},"size":303.2803649902344,"orthographic":false}