{"cameraMode":{"drawMode":0,"name":"Shaded","section":"Shading Mode"},"sceneLighting":true,"audioPlay":false,"sceneViewState":{"showFog":false,"showMaterialUpdate":false,"showSkybox":false,"showFlares":false,"showImageEffects":false,"showParticleSystems":false},"in2DMode":false,"pivot":{"x":28.932336807250978,"y":44.40428924560547,"z":7.8526763916015629},"rotation":{"x":-0.2292531430721283,"y":0.0005825707921758294,"z":-0.00013698845577891916,"w":-0.9733666777610779},"size":228.65234375,"orthographic":false}